c6a9a43058c8cc8398ca6e97324c0fae	wants to punch mother nature in the <X> fog, and <X> for a month?!	2009-07-02 13:38:14	123	0	-
c6a9a43058c8cc8398ca6e97324c0fae	creative <X> drawing due <X> gods please give me somethin' to work with!!!	2009-07-22 00:25:02	123	0	-
c6a9a43058c8cc8398ca6e97324c0fae	<PROPMALE> <X> <X> boots, or <X> <X> <PROPFEMALE> <X> today?	2009-09-19 16:27:53	123	0	-
c6a9a43058c8cc8398ca6e97324c0fae	off to <X> for <X> then south end open <X> to be <X> <X> more <X> less <X>	2009-09-19 16:47:46	123	0	-
c6a9a43058c8cc8398ca6e97324c0fae	going to see <X> <X> speak thursday night at the <X> school of government <X> have a good question <X> can ask him during the q and a?	2009-10-07 01:16:37	123	0	-
c6a9a43058c8cc8398ca6e97324c0fae	just <X> to the <X> <X> Board <X> <X> to serve the <X>	2009-10-08 01:28:43	123	0	-
c6a9a43058c8cc8398ca6e97324c0fae	<X> last year's words belong to last year's language and next year's words <X> another <X> T. S. <X> 2011 to all my family and friends.	2010-01-01 04:04:15	123	0	-
c6a9a43058c8cc8398ca6e97324c0fae	i'm LOST tonite	2010-02-03 01:05:51	123	0	-
c6a9a43058c8cc8398ca6e97324c0fae	<PROPMALE> <PROPFEMALE> to head <X> <X> <X>	2010-02-16 00:27:41	123	0	-
c6a9a43058c8cc8398ca6e97324c0fae	design gods why do you have to be so cruel?	2010-02-18 04:08:28	123	0	-
c6a9a43058c8cc8398ca6e97324c0fae	thanks to my many wonderful friends the gods <X> on me at about 5am and <X> got past my <X> went well. thank you everyone for your positive messages :>)	2010-02-19 01:12:10	123	0	-
c6a9a43058c8cc8398ca6e97324c0fae	had what <X> believe to be the best ever roast beef sandwich at <PROPFEMALE>'s Roast Beef and <X> in <X> for you <X> was \wicked\" good."	2010-04-03 20:59:58	123	0	-
c6a9a43058c8cc8398ca6e97324c0fae	thinks its <X> for gun rights <X> to be <X> in the <X> <X> on the 15th anniversary of the Oklahoma City <X> and the day before the 11th anniversary of <X>	2010-04-19 19:33:10	123	0	-
c6a9a43058c8cc8398ca6e97324c0fae	<X> the <X> <X> <X> Call for Reason) <X> to be <X> today at the <X> <X> in <X>	2010-05-03 15:35:01	123	0	-
c6a9a43058c8cc8398ca6e97324c0fae	glee ....all <X> need to say	2010-05-26 01:09:07	123	0	-
c6a9a43058c8cc8398ca6e97324c0fae	leaving work early to run a <X> <X> event at <PROPFIRST> <X> <X> <X> wanna swing by for a drink and free food?	2010-05-26 18:18:38	123	0	-
c6a9a43058c8cc8398ca6e97324c0fae	garden prepared for South End garden tour 2010 ...check	2010-06-19 18:26:21	123	0	-
c6a9a43058c8cc8398ca6e97324c0fae	in <X> to <X>	2010-07-12 16:28:41	123	0	-
c6a9a43058c8cc8398ca6e97324c0fae	goodbye <X> you for the cheese <X> endless info on all things <PROPMALE> <PROPMALE> related, the <PROPMALE>, the <X> and the <X> museum of anatomy.	2010-07-26 23:12:03	123	0	-
c6a9a43058c8cc8398ca6e97324c0fae	fix laptop or buy an ipad? hmmmm	2010-08-02 00:22:25	123	0	-
c6a9a43058c8cc8398ca6e97324c0fae	<X> <X> holy cross tonight in a <X> <X> <X>	2010-09-19 03:05:40	123	0	-
